{
  "clean_all": {
    "pr_min": 3.8273792266845703,
    "pr_mean": 7.578134016557173,
    "pr_max": 13.36958122253418,
    "pr_std": 2.4701116263315352,
    "cv": 0.325952486579768,
    "G": 0.5050556269290405,
    "n_samples": 220
  },
  "random_clean": {
    "pr_min": 3.8273792266845703,
    "pr_mean": 7.554670583743316,
    "pr_max": 13.36958122253418,
    "pr_std": 2.443826715684521,
    "cv": 0.3234855429624322,
    "G": 0.5066242378483848,
    "n_samples": 208
  },
  "random_poison": {
    "pr_min": 4.702361106872559,
    "pr_mean": 7.9848335186640425,
    "pr_max": 12.18575668334961,
    "pr_std": 2.857502380166671,
    "cv": 0.3578662439846041,
    "G": 0.588911602963429,
    "n_samples": 12
  },
  "boundary_clean": {
    "pr_min": 3.8273792266845703,
    "pr_mean": 7.719512462615967,
    "pr_max": 13.36958122253418,
    "pr_std": 2.4824165870962003,
    "cv": 0.32157686111889067,
    "G": 0.49580582261118067,
    "n_samples": 204
  },
  "boundary_poison": {
    "pr_min": 4.086390018463135,
    "pr_mean": 5.775558829307556,
    "pr_max": 8.349687576293945,
    "pr_std": 1.349198050225823,
    "cv": 0.23360476277714257,
    "G": 0.7075315375071785,
    "n_samples": 16
  },
  "cluster_clean": {
    "pr_min": 3.8273792266845703,
    "pr_mean": 7.717522824545042,
    "pr_max": 13.36958122253418,
    "pr_std": 2.426087399060057,
    "cv": 0.31436089717079363,
    "G": 0.49593364525101996,
    "n_samples": 211
  },
  "cluster_poison": {
    "pr_min": 4.096222877502441,
    "pr_mean": 4.310240851508246,
    "pr_max": 4.634965419769287,
    "pr_std": 0.14247911208324748,
    "cv": 0.03305595139385099,
    "G": 0.9503466322697686,
    "n_samples": 9
  }
}