{
  "model_name": "clean",
  "train_accuracy": 0.9840728100113766,
  "test_accuracy": 0.9772727272727273,
  "n_train": 879,
  "n_test": 220,
  "coefficients_shape": [
    1,
    256
  ],
  "intercept": -0.859743823637477
}